1,Jayne,Russell,27 Darvel Avenue,Kilmarnock,KA3 9PW,7703632896,jayne.russell@leidos.com,Jayne Russell,5656 9696 3636 4548,556,01/08/2020
2,Liam ,Kerrigan,10 Whitchurch Lane,Bristol,BS9 8JR,7703456986,liam.kerrigan@leidos.com,Liam Kerrigan,5959 6565 4565 6885,449,01/09/2020
3,James,Lee,11 Dale Road,Leeds,BD11 1ND,7709568596,james.lee@leidos.com,James Lee,5858 5454 1254 1785 ,447,01/10/2020
4,Sophie,Lennon,22 Waddell Street,Airdrie,ML6 6JU,7896969564,sophie.lennon@leidos.com,Sophie Lennon,4747 5252 4512 1745,122,01/11/2020
5,Matthew,Potter,17 Riparian Way,West Yorkshire,BD20 7BW,7965232151,matthew.potter@leidos.com,Matthew Potter,8787 9797 1414 2323,212,01/12/2020
6,Kieran,Brawley,50 Blairhill Street,Coatbridge,ML5 1PG,7461546844,kieran.brawley@leidos.com,Kieran Brawley,1400 1542 5454 6545,787,01/01/2021
7,Michael,Lynch,56 Greenlees Road,Cambuslang,G72 8JB,7705236500,michael.lynch@leidos.com,Michael Lynch,1542 4747 5825 5656,141,01/02/2021
8,Adam ,Kidd,101 Sauchiehall Street,Glasgow,G2 3LW,7703565656,adam.kidd@leidos.com    ,Adam Kidd,5454 5432 8787 6546,787,01/03/2021
9,Darren ,Robertson,78 Edinburgh Road,Glasgow,G2 7PY,7706565381,darren.robertson@leidos.com,Darren Robertson,4444 5555 6664 8787,747,01/04/2021
10,Kav ,Khalsa,51 Salsa Street,Irvine,KA5 5TY,7828582814,kav.khalsa@leidos.com,Kav Khalsa,1254 7845 8797 5656,141,01/05/2021
11,James ,Leek,1 Main Street,Hamilton,ML3 9To,7454156451,james.leek@leidos.com,James Leek,1111 2222 1111 4444,774,01/06/2021
12,Nathan,Hinsley,16 Corner Street,Motherwell,ML1 4RD,7454260613,nathan.hinsley@leidos.com,Nathan Hinsley,8787 9898 6565 6565,471,01/07/2021
13,Daniel ,Odediran,56 Line Road,London,SW6 8LK,7433122222,daniel.odediran@leidos.com,Daniel Odediran,4747 4544 7777 7888,784,01/08/2021
14,Carmen ,Alba,97 Podd Way,Liverpool,CR9 2BY,7511111113,carmen.alba@leidos.com,Carmen Alba,7777 5555 4444 1111,4747,01/09/2021
